<?xml version="1.0" encoding="UTF-8"?>
<project-private xmlns="http://www.netbeans.org/ns/project-private/1">
    <editor-bookmarks xmlns="http://www.netbeans.org/ns/editor-bookmarks/2" lastBookmarkId="0"/>
    <open-files xmlns="http://www.netbeans.org/ns/projectui-open-files/2">
        <group>
            <file>file:/C:/Users/Burak/Desktop/staddeneme1/src/staddeneme1/Batı.java</file>
            <file>file:/C:/Users/Burak/Desktop/staddeneme1/src/staddeneme1/Kuzey.java</file>
            <file>file:/C:/Users/Burak/Desktop/staddeneme1/src/staddeneme1/LOCA.java</file>
            <file>file:/C:/Users/Burak/Desktop/staddeneme1/src/staddeneme1/VIP.java</file>
            <file>file:/C:/Users/Burak/Desktop/staddeneme1/src/staddeneme1/Dogu.java</file>
            <file>file:/C:/Users/Burak/Desktop/staddeneme1/src/staddeneme1/stadyum.java</file>
            <file>file:/C:/Users/Burak/Desktop/staddeneme1/src/staddeneme1/stad1.jpg</file>
            <file>file:/C:/Users/Burak/Desktop/staddeneme1/src/staddeneme1/s.java</file>
        </group>
    </open-files>
</project-private>
